<?xml version="1.0" encoding="UTF-8"?>
<beans xmlns="http://www.springframework.org/schema/beans"
	xmlns:xsi="http://www.w3.org/2001/XMLSchema-instance"
	xmlns:context="http://www.springframework.org/schema/context"
	xmlns:mvc="http://www.springframework.org/schema/mvc"
	xsi:schemaLocation="
		http://www.springframework.org/schema/mvc http://www.springframework.org/schema/mvc/spring-mvc.xsd
		http://www.springframework.org/schema/beans http://www.springframework.org/schema/beans/spring-beans.xsd
		http://www.springframework.org/schema/context http://www.springframework.org/schema/context/spring-context.xsd">

	<!-- Handles HTTP GET requests for /resources/** by efficiently serving up static resources in the ${webappRoot}/resources/ directory--> 
	<mvc:resources mapping="/resources/**" location="/resources/" />

	<!-- Resolves view names to protected .jsp resources within the /WEB-INF/views directory -->
	<bean class="org.springframework.web.servlet.view.InternalResourceViewResolver">
		<property name="prefix" value="/WEB-INF/jsp/"/>
		<property name="suffix" value=".jsp"/>
	</bean>
	
	<!-- 避免IE执行AJAX时,返回JSON出现下载文件 -->
	 <bean id="mappingJacksonHttpMessageConverter" class="org.springframework.http.converter.json.MappingJackson2HttpMessageConverter">
	  <property name="supportedMediaTypes">
	   <list>
	    <value>text/html;charset=UTF-8</value>
	   </list>
	  </property>
	 </bean>
	
	<!-- 启动Spring MVC的注解功能，完成请求和注解POJO的映射 -->
	<bean class="org.springframework.web.servlet.mvc.annotation.AnnotationMethodHandlerAdapter">
		<property name="messageConverters">
		<list>
			<ref bean="mappingJacksonHttpMessageConverter" /><!-- json转换器 -->
		</list>
		</property>
	</bean>
	<bean class="org.springframework.web.servlet.view.json.MappingJackson2JsonView"/>

	<!-- Configures the @Controller programming model -->
	<mvc:annotation-driven />
	
	<!-- Forwards requests to the "/" resource to the "welcome" view-->
	<mvc:view-controller path="/" view-name="home"/> 
	
</beans>
